{"stat.chestOpened":5,"stat.pickup.ninjacraft.sparkling_item":18,"stat.flyOneCm":1288,"stat.walkOneCm":3677,"stat.drop":2,"stat.jump":1,"stat.playOneMinute":1316,"achievement.openInventory":2,"stat.pickup.ninjacraft.heart_alice":1,"stat.sneakTime":12,"stat.pickup.ism.itemwiki":1,"stat.pickup.minecraft.stonebrick":2,"stat.crouchOneCm":43,"stat.timeSinceDeath":1316,"stat.drop.ninjacraft.heart_alice":1,"stat.useItem.minecraft.stone_slab2":3,"achievement.exploreAllBiomes":{"value":0,"progress":["Plains"]},"stat.drop.ism.itemwiki":1}